<?xml version="1.0" encoding="UTF-8" standalone="yes"?>
  <response>
    <header>
      <resultCode>00</resultCode>
      <resultMsg>NORMAL SERVICE.</resultMsg>
    </header>
    <body>
      <items>
        <item>
          <jckyId>080376</jckyId>
          <jckyNm>유현명</jckyNm>
          <loyFcmTcnt>52</loyFcmTcnt>
          <loyPtinTcnt>276</loyPtinTcnt>
          <loyScmTcnt>36</loyScmTcnt>
          <loyTcmTcnt>26</loyTcmTcnt>
          <lsmFcmTcnt>27</lsmFcmTcnt>
          <lsmPtinTcnt>124</lsmPtinTcnt>
          <lsmScmTcnt>9</lsmScmTcnt>
          <lsmTcmTcnt>10</lsmTcmTcnt>
          <rccrsNm>부산경남</rccrsNm>
          <sumpFcmTcnt>1126</sumpFcmTcnt>
          <sumpPtinTcnt>6728</sumpPtinTcnt>
          <sumpScmTcnt>891</sumpScmTcnt>
          <sumpTcmTcnt>709</sumpTcmTcnt>
        </item>
        <item>
          <jckyId>080423</jckyId>
          <jckyNm>최시대</jckyNm>
          <loyFcmTcnt>42</loyFcmTcnt>
          <loyPtinTcnt>340</loyPtinTcnt>
          <loyScmTcnt>45</loyScmTcnt>
          <loyTcmTcnt>34</loyTcmTcnt>
          <lsmFcmTcnt>23</lsmFcmTcnt>
          <lsmPtinTcnt>188</lsmPtinTcnt>
          <lsmScmTcnt>22</lsmScmTcnt>
          <lsmTcmTcnt>19</lsmTcmTcnt>
          <rccrsNm>부산경남</rccrsNm>
          <sumpFcmTcnt>693</sumpFcmTcnt>
          <sumpPtinTcnt>5260</sumpPtinTcnt>
          <sumpScmTcnt>624</sumpScmTcnt>
          <sumpTcmTcnt>561</sumpTcmTcnt>
        </item>
        <item>
          <jckyId>080484</jckyId>
          <jckyNm>서승운</jckyNm>
          <loyFcmTcnt>50</loyFcmTcnt>
          <loyPtinTcnt>304</loyPtinTcnt>
          <loyScmTcnt>34</loyScmTcnt>
          <loyTcmTcnt>31</loyTcmTcnt>
          <lsmFcmTcnt>31</lsmFcmTcnt>
          <lsmPtinTcnt>165</lsmPtinTcnt>
          <lsmScmTcnt>21</lsmScmTcnt>
          <lsmTcmTcnt>18</lsmTcmTcnt>
          <rccrsNm>부산경남</rccrsNm>
          <sumpFcmTcnt>559</sumpFcmTcnt>
          <sumpPtinTcnt>3609</sumpPtinTcnt>
          <sumpScmTcnt>485</sumpScmTcnt>
          <sumpTcmTcnt>445</sumpTcmTcnt>
        </item>
        <item>
          <jckyId>080401</jckyId>
          <jckyNm>김동영</jckyNm>
          <loyFcmTcnt>0</loyFcmTcnt>
          <loyPtinTcnt>8</loyPtinTcnt>
          <loyScmTcnt>0</loyScmTcnt>
          <loyTcmTcnt>1</loyTcmTcnt>
          <lsmFcmTcnt>0</lsmFcmTcnt>
          <lsmPtinTcnt>0</lsmPtinTcnt>
          <lsmScmTcnt>0</lsmScmTcnt>
          <lsmTcmTcnt>0</lsmTcmTcnt>
          <rccrsNm>부산경남</rccrsNm>
          <sumpFcmTcnt>410</sumpFcmTcnt>
          <sumpPtinTcnt>4315</sumpPtinTcnt>
          <sumpScmTcnt>427</sumpScmTcnt>
          <sumpTcmTcnt>436</sumpTcmTcnt>
        </item>
        <item>
          <jckyId>080411</jckyId>
          <jckyNm>조창욱</jckyNm>
          <loyFcmTcnt>2</loyFcmTcnt>
          <loyPtinTcnt>44</loyPtinTcnt>
          <loyScmTcnt>3</loyScmTcnt>
          <loyTcmTcnt>5</loyTcmTcnt>
          <lsmFcmTcnt>1</lsmFcmTcnt>
          <lsmPtinTcnt>11</lsmPtinTcnt>
          <lsmScmTcnt>2</lsmScmTcnt>
          <lsmTcmTcnt>2</lsmTcmTcnt>
          <rccrsNm>부산경남</rccrsNm>
          <sumpFcmTcnt>371</sumpFcmTcnt>
          <sumpPtinTcnt>4104</sumpPtinTcnt>
          <sumpScmTcnt>351</sumpScmTcnt>
          <sumpTcmTcnt>360</sumpTcmTcnt>
        </item>
        <item>
          <jckyId>080296</jckyId>
          <jckyNm>김태경</jckyNm>
          <loyFcmTcnt>7</loyFcmTcnt>
          <loyPtinTcnt>160</loyPtinTcnt>
          <loyScmTcnt>3</loyScmTcnt>
          <loyTcmTcnt>6</loyTcmTcnt>
          <lsmFcmTcnt>3</lsmFcmTcnt>
          <lsmPtinTcnt>59</lsmPtinTcnt>
          <lsmScmTcnt>0</lsmScmTcnt>
          <lsmTcmTcnt>1</lsmTcmTcnt>
          <rccrsNm>부산경남</rccrsNm>
          <sumpFcmTcnt>343</sumpFcmTcnt>
          <sumpPtinTcnt>5343</sumpPtinTcnt>
          <sumpScmTcnt>409</sumpScmTcnt>
          <sumpTcmTcnt>441</sumpTcmTcnt>
        </item>
        <item>
          <jckyId>080421</jckyId>
          <jckyNm>송경윤</jckyNm>
          <loyFcmTcnt>14</loyFcmTcnt>
          <loyPtinTcnt>296</loyPtinTcnt>
          <loyScmTcnt>17</loyScmTcnt>
          <loyTcmTcnt>19</loyTcmTcnt>
          <lsmFcmTcnt>11</lsmFcmTcnt>
          <lsmPtinTcnt>178</lsmPtinTcnt>
          <lsmScmTcnt>7</lsmScmTcnt>
          <lsmTcmTcnt>11</lsmTcmTcnt>
          <rccrsNm>부산경남</rccrsNm>
          <sumpFcmTcnt>325</sumpFcmTcnt>
          <sumpPtinTcnt>4391</sumpPtinTcnt>
          <sumpScmTcnt>418</sumpScmTcnt>
          <sumpTcmTcnt>421</sumpTcmTcnt>
        </item>
        <item>
          <jckyId>080456</jckyId>
          <jckyNm>김혜선</jckyNm>
          <loyFcmTcnt>23</loyFcmTcnt>
          <loyPtinTcnt>295</loyPtinTcnt>
          <loyScmTcnt>26</loyScmTcnt>
          <loyTcmTcnt>30</loyTcmTcnt>
          <lsmFcmTcnt>19</lsmFcmTcnt>
          <lsmPtinTcnt>205</lsmPtinTcnt>
          <lsmScmTcnt>21</lsmScmTcnt>
          <lsmTcmTcnt>19</lsmTcmTcnt>
          <rccrsNm>부산경남</rccrsNm>
          <sumpFcmTcnt>306</sumpFcmTcnt>
          <sumpPtinTcnt>3878</sumpPtinTcnt>
          <sumpScmTcnt>319</sumpScmTcnt>
          <sumpTcmTcnt>320</sumpTcmTcnt>
        </item>
        <item>
          <jckyId>080431</jckyId>
          <jckyNm>이성재</jckyNm>
          <loyFcmTcnt>17</loyFcmTcnt>
          <loyPtinTcnt>248</loyPtinTcnt>
          <loyScmTcnt>25</loyScmTcnt>
          <loyTcmTcnt>26</loyTcmTcnt>
          <lsmFcmTcnt>10</lsmFcmTcnt>
          <lsmPtinTcnt>165</lsmPtinTcnt>
          <lsmScmTcnt>18</lsmScmTcnt>
          <lsmTcmTcnt>18</lsmTcmTcnt>
          <rccrsNm>부산경남</rccrsNm>
          <sumpFcmTcnt>294</sumpFcmTcnt>
          <sumpPtinTcnt>3866</sumpPtinTcnt>
          <sumpScmTcnt>312</sumpScmTcnt>
          <sumpTcmTcnt>366</sumpTcmTcnt>
        </item>
        <item>
          <jckyId>080568</jckyId>
          <jckyNm>다실바</jckyNm>
          <loyFcmTcnt>52</loyFcmTcnt>
          <loyPtinTcnt>362</loyPtinTcnt>
          <loyScmTcnt>54</loyScmTcnt>
          <loyTcmTcnt>43</loyTcmTcnt>
          <lsmFcmTcnt>25</lsmFcmTcnt>
          <lsmPtinTcnt>188</lsmPtinTcnt>
          <lsmScmTcnt>27</lsmScmTcnt>
          <lsmTcmTcnt>25</lsmTcmTcnt>
          <rccrsNm>부산경남</rccrsNm>
          <sumpFcmTcnt>249</sumpFcmTcnt>
          <sumpPtinTcnt>1886</sumpPtinTcnt>
          <sumpScmTcnt>256</sumpScmTcnt>
          <sumpTcmTcnt>219</sumpTcmTcnt>
        </item>
        <item>
          <jckyId>080564</jckyId>
          <jckyNm>이효식</jckyNm>
          <loyFcmTcnt>29</loyFcmTcnt>
          <loyPtinTcnt>241</loyPtinTcnt>
          <loyScmTcnt>20</loyScmTcnt>
          <loyTcmTcnt>19</loyTcmTcnt>
          <lsmFcmTcnt>12</lsmFcmTcnt>
          <lsmPtinTcnt>81</lsmPtinTcnt>
          <lsmScmTcnt>8</lsmScmTcnt>
          <lsmTcmTcnt>5</lsmTcmTcnt>
          <rccrsNm>부산경남</rccrsNm>
          <sumpFcmTcnt>246</sumpFcmTcnt>
          <sumpPtinTcnt>1798</sumpPtinTcnt>
          <sumpScmTcnt>185</sumpScmTcnt>
          <sumpTcmTcnt>153</sumpTcmTcnt>
        </item>
        <item>
          <jckyId>080403</jckyId>
          <jckyNm>김어수</jckyNm>
          <loyFcmTcnt>6</loyFcmTcnt>
          <loyPtinTcnt>229</loyPtinTcnt>
          <loyScmTcnt>12</loyScmTcnt>
          <loyTcmTcnt>15</loyTcmTcnt>
          <lsmFcmTcnt>5</lsmFcmTcnt>
          <lsmPtinTcnt>111</lsmPtinTcnt>
          <lsmScmTcnt>8</lsmScmTcnt>
          <lsmTcmTcnt>7</lsmTcmTcnt>
          <rccrsNm>부산경남</rccrsNm>
          <sumpFcmTcnt>232</sumpFcmTcnt>
          <sumpPtinTcnt>3848</sumpPtinTcnt>
          <sumpScmTcnt>296</sumpScmTcnt>
          <sumpTcmTcnt>330</sumpTcmTcnt>
        </item>
        <item>
          <jckyId>080482</jckyId>
          <jckyNm>정동철</jckyNm>
          <loyFcmTcnt>13</loyFcmTcnt>
          <loyPtinTcnt>304</loyPtinTcnt>
          <loyScmTcnt>12</loyScmTcnt>
          <loyTcmTcnt>19</loyTcmTcnt>
          <lsmFcmTcnt>1</lsmFcmTcnt>
          <lsmPtinTcnt>137</lsmPtinTcnt>
          <lsmScmTcnt>3</lsmScmTcnt>
          <lsmTcmTcnt>8</lsmTcmTcnt>
          <rccrsNm>부산경남</rccrsNm>
          <sumpFcmTcnt>164</sumpFcmTcnt>
          <sumpPtinTcnt>2596</sumpPtinTcnt>
          <sumpScmTcnt>181</sumpScmTcnt>
          <sumpTcmTcnt>192</sumpTcmTcnt>
        </item>
        <item>
          <jckyId>080551</jckyId>
          <jckyNm>진겸</jckyNm>
          <loyFcmTcnt>24</loyFcmTcnt>
          <loyPtinTcnt>217</loyPtinTcnt>
          <loyScmTcnt>27</loyScmTcnt>
          <loyTcmTcnt>24</loyTcmTcnt>
          <lsmFcmTcnt>19</lsmFcmTcnt>
          <lsmPtinTcnt>137</lsmPtinTcnt>
          <lsmScmTcnt>16</lsmScmTcnt>
          <lsmTcmTcnt>20</lsmTcmTcnt>
          <rccrsNm>부산경남</rccrsNm>
          <sumpFcmTcnt>160</sumpFcmTcnt>
          <sumpPtinTcnt>1888</sumpPtinTcnt>
          <sumpScmTcnt>190</sumpScmTcnt>
          <sumpTcmTcnt>195</sumpTcmTcnt>
        </item>
        <item>
          <jckyId>080516</jckyId>
          <jckyNm>다나카</jckyNm>
          <loyFcmTcnt>0</loyFcmTcnt>
          <loyPtinTcnt>0</loyPtinTcnt>
          <loyScmTcnt>0</loyScmTcnt>
          <loyTcmTcnt>0</loyTcmTcnt>
          <lsmFcmTcnt>0</lsmFcmTcnt>
          <lsmPtinTcnt>0</lsmPtinTcnt>
          <lsmScmTcnt>0</lsmScmTcnt>
          <lsmTcmTcnt>0</lsmTcmTcnt>
          <rccrsNm>부산경남</rccrsNm>
          <sumpFcmTcnt>157</sumpFcmTcnt>
          <sumpPtinTcnt>1554</sumpPtinTcnt>
          <sumpScmTcnt>141</sumpScmTcnt>
          <sumpTcmTcnt>174</sumpTcmTcnt>
        </item>
        <item>
          <jckyId>080565</jckyId>
          <jckyNm>정도윤</jckyNm>
          <loyFcmTcnt>19</loyFcmTcnt>
          <loyPtinTcnt>232</loyPtinTcnt>
          <loyScmTcnt>13</loyScmTcnt>
          <loyTcmTcnt>22</loyTcmTcnt>
          <lsmFcmTcnt>4</lsmFcmTcnt>
          <lsmPtinTcnt>86</lsmPtinTcnt>
          <lsmScmTcnt>12</lsmScmTcnt>
          <lsmTcmTcnt>7</lsmTcmTcnt>
          <rccrsNm>부산경남</rccrsNm>
          <sumpFcmTcnt>133</sumpFcmTcnt>
          <sumpPtinTcnt>1661</sumpPtinTcnt>
          <sumpScmTcnt>129</sumpScmTcnt>
          <sumpTcmTcnt>169</sumpTcmTcnt>
        </item>
        <item>
          <jckyId>080381</jckyId>
          <jckyNm>김도현</jckyNm>
          <loyFcmTcnt>0</loyFcmTcnt>
          <loyPtinTcnt>52</loyPtinTcnt>
          <loyScmTcnt>1</loyScmTcnt>
          <loyTcmTcnt>5</loyTcmTcnt>
          <lsmFcmTcnt>0</lsmFcmTcnt>
          <lsmPtinTcnt>11</lsmPtinTcnt>
          <lsmScmTcnt>0</lsmScmTcnt>
          <lsmTcmTcnt>2</lsmTcmTcnt>
          <rccrsNm>부산경남</rccrsNm>
          <sumpFcmTcnt>128</sumpFcmTcnt>
          <sumpPtinTcnt>2244</sumpPtinTcnt>
          <sumpScmTcnt>136</sumpScmTcnt>
          <sumpTcmTcnt>148</sumpTcmTcnt>
        </item>
        <item>
          <jckyId>080532</jckyId>
          <jckyNm>채상현</jckyNm>
          <loyFcmTcnt>13</loyFcmTcnt>
          <loyPtinTcnt>244</loyPtinTcnt>
          <loyScmTcnt>23</loyScmTcnt>
          <loyTcmTcnt>19</loyTcmTcnt>
          <lsmFcmTcnt>4</lsmFcmTcnt>
          <lsmPtinTcnt>86</lsmPtinTcnt>
          <lsmScmTcnt>8</lsmScmTcnt>
          <lsmTcmTcnt>9</lsmTcmTcnt>
          <rccrsNm>부산경남</rccrsNm>
          <sumpFcmTcnt>114</sumpFcmTcnt>
          <sumpPtinTcnt>1527</sumpPtinTcnt>
          <sumpScmTcnt>134</sumpScmTcnt>
          <sumpTcmTcnt>140</sumpTcmTcnt>
        </item>
        <item>
          <jckyId>080593</jckyId>
          <jckyNm>먼로</jckyNm>
          <loyFcmTcnt>36</loyFcmTcnt>
          <loyPtinTcnt>335</loyPtinTcnt>
          <loyScmTcnt>40</loyScmTcnt>
          <loyTcmTcnt>34</loyTcmTcnt>
          <lsmFcmTcnt>21</lsmFcmTcnt>
          <lsmPtinTcnt>191</lsmPtinTcnt>
          <lsmScmTcnt>25</lsmScmTcnt>
          <lsmTcmTcnt>19</lsmTcmTcnt>
          <rccrsNm>부산경남</rccrsNm>
          <sumpFcmTcnt>106</sumpFcmTcnt>
          <sumpPtinTcnt>933</sumpPtinTcnt>
          <sumpScmTcnt>124</sumpScmTcnt>
          <sumpTcmTcnt>101</sumpTcmTcnt>
        </item>
        <item>
          <jckyId>080546</jckyId>
          <jckyNm>박재이</jckyNm>
          <loyFcmTcnt>27</loyFcmTcnt>
          <loyPtinTcnt>323</loyPtinTcnt>
          <loyScmTcnt>35</loyScmTcnt>
          <loyTcmTcnt>29</loyTcmTcnt>
          <lsmFcmTcnt>16</lsmFcmTcnt>
          <lsmPtinTcnt>165</lsmPtinTcnt>
          <lsmScmTcnt>22</lsmScmTcnt>
          <lsmTcmTcnt>14</lsmTcmTcnt>
          <rccrsNm>부산경남</rccrsNm>
          <sumpFcmTcnt>105</sumpFcmTcnt>
          <sumpPtinTcnt>1859</sumpPtinTcnt>
          <sumpScmTcnt>172</sumpScmTcnt>
          <sumpTcmTcnt>177</sumpTcmTcnt>
        </item>
        <item>
          <jckyId>080402</jckyId>
          <jckyNm>김명신</jckyNm>
          <loyFcmTcnt>3</loyFcmTcnt>
          <loyPtinTcnt>59</loyPtinTcnt>
          <loyScmTcnt>2</loyScmTcnt>
          <loyTcmTcnt>4</loyTcmTcnt>
          <lsmFcmTcnt>2</lsmFcmTcnt>
          <lsmPtinTcnt>25</lsmPtinTcnt>
          <lsmScmTcnt>1</lsmScmTcnt>
          <lsmTcmTcnt>2</lsmTcmTcnt>
          <rccrsNm>부산경남</rccrsNm>
          <sumpFcmTcnt>89</sumpFcmTcnt>
          <sumpPtinTcnt>2300</sumpPtinTcnt>
          <sumpScmTcnt>157</sumpScmTcnt>
          <sumpTcmTcnt>162</sumpTcmTcnt>
        </item>
        <item>
          <jckyId>080566</jckyId>
          <jckyNm>최은경</jckyNm>
          <loyFcmTcnt>7</loyFcmTcnt>
          <loyPtinTcnt>104</loyPtinTcnt>
          <loyScmTcnt>2</loyScmTcnt>
          <loyTcmTcnt>5</loyTcmTcnt>
          <lsmFcmTcnt>7</lsmFcmTcnt>
          <lsmPtinTcnt>78</lsmPtinTcnt>
          <lsmScmTcnt>2</lsmScmTcnt>
          <lsmTcmTcnt>5</lsmTcmTcnt>
          <rccrsNm>부산경남</rccrsNm>
          <sumpFcmTcnt>74</sumpFcmTcnt>
          <sumpPtinTcnt>1214</sumpPtinTcnt>
          <sumpScmTcnt>98</sumpScmTcnt>
          <sumpTcmTcnt>102</sumpTcmTcnt>
        </item>
        <item>
          <jckyId>080485</jckyId>
          <jckyNm>이아나</jckyNm>
          <loyFcmTcnt>0</loyFcmTcnt>
          <loyPtinTcnt>0</loyPtinTcnt>
          <loyScmTcnt>0</loyScmTcnt>
          <loyTcmTcnt>0</loyTcmTcnt>
          <lsmFcmTcnt>0</lsmFcmTcnt>
          <lsmPtinTcnt>0</lsmPtinTcnt>
          <lsmScmTcnt>0</lsmScmTcnt>
          <lsmTcmTcnt>0</lsmTcmTcnt>
          <rccrsNm>부산경남</rccrsNm>
          <sumpFcmTcnt>53</sumpFcmTcnt>
          <sumpPtinTcnt>1213</sumpPtinTcnt>
          <sumpScmTcnt>53</sumpScmTcnt>
          <sumpTcmTcnt>67</sumpTcmTcnt>
        </item>
        <item>
          <jckyId>080483</jckyId>
          <jckyNm>유광희</jckyNm>
          <loyFcmTcnt>2</loyFcmTcnt>
          <loyPtinTcnt>192</loyPtinTcnt>
          <loyScmTcnt>6</loyScmTcnt>
          <loyTcmTcnt>9</loyTcmTcnt>
          <lsmFcmTcnt>2</lsmFcmTcnt>
          <lsmPtinTcnt>89</lsmPtinTcnt>
          <lsmScmTcnt>4</lsmScmTcnt>
          <lsmTcmTcnt>6</lsmTcmTcnt>
          <rccrsNm>부산경남</rccrsNm>
          <sumpFcmTcnt>52</sumpFcmTcnt>
          <sumpPtinTcnt>1568</sumpPtinTcnt>
          <sumpScmTcnt>100</sumpScmTcnt>
          <sumpTcmTcnt>118</sumpTcmTcnt>
        </item>
        <item>
          <jckyId>080580</jckyId>
          <jckyNm>전진구</jckyNm>
          <loyFcmTcnt>1</loyFcmTcnt>
          <loyPtinTcnt>42</loyPtinTcnt>
          <loyScmTcnt>3</loyScmTcnt>
          <loyTcmTcnt>1</loyTcmTcnt>
          <lsmFcmTcnt>1</lsmFcmTcnt>
          <lsmPtinTcnt>42</lsmPtinTcnt>
          <lsmScmTcnt>3</lsmScmTcnt>
          <lsmTcmTcnt>1</lsmTcmTcnt>
          <rccrsNm>부산경남</rccrsNm>
          <sumpFcmTcnt>45</sumpFcmTcnt>
          <sumpPtinTcnt>734</sumpPtinTcnt>
          <sumpScmTcnt>52</sumpScmTcnt>
          <sumpTcmTcnt>45</sumpTcmTcnt>
        </item>
        <item>
          <jckyId>080600</jckyId>
          <jckyNm>모준호</jckyNm>
          <loyFcmTcnt>17</loyFcmTcnt>
          <loyPtinTcnt>309</loyPtinTcnt>
          <loyScmTcnt>25</loyScmTcnt>
          <loyTcmTcnt>31</loyTcmTcnt>
          <lsmFcmTcnt>7</lsmFcmTcnt>
          <lsmPtinTcnt>186</lsmPtinTcnt>
          <lsmScmTcnt>16</lsmScmTcnt>
          <lsmTcmTcnt>21</lsmTcmTcnt>
          <rccrsNm>부산경남</rccrsNm>
          <sumpFcmTcnt>28</sumpFcmTcnt>
          <sumpPtinTcnt>426</sumpPtinTcnt>
          <sumpScmTcnt>39</sumpScmTcnt>
          <sumpTcmTcnt>39</sumpTcmTcnt>
        </item>
        <item>
          <jckyId>080596</jckyId>
          <jckyNm>우에다</jckyNm>
          <loyFcmTcnt>15</loyFcmTcnt>
          <loyPtinTcnt>183</loyPtinTcnt>
          <loyScmTcnt>9</loyScmTcnt>
          <loyTcmTcnt>15</loyTcmTcnt>
          <lsmFcmTcnt>7</lsmFcmTcnt>
          <lsmPtinTcnt>35</lsmPtinTcnt>
          <lsmScmTcnt>2</lsmScmTcnt>
          <lsmTcmTcnt>3</lsmTcmTcnt>
          <rccrsNm>부산경남</rccrsNm>
          <sumpFcmTcnt>18</sumpFcmTcnt>
          <sumpPtinTcnt>272</sumpPtinTcnt>
          <sumpScmTcnt>12</sumpScmTcnt>
          <sumpTcmTcnt>18</sumpTcmTcnt>
        </item>
        <item>
          <jckyId>080599</jckyId>
          <jckyNm>김태현</jckyNm>
          <loyFcmTcnt>10</loyFcmTcnt>
          <loyPtinTcnt>284</loyPtinTcnt>
          <loyScmTcnt>17</loyScmTcnt>
          <loyTcmTcnt>17</loyTcmTcnt>
          <lsmFcmTcnt>4</lsmFcmTcnt>
          <lsmPtinTcnt>134</lsmPtinTcnt>
          <lsmScmTcnt>10</lsmScmTcnt>
          <lsmTcmTcnt>7</lsmTcmTcnt>
          <rccrsNm>부산경남</rccrsNm>
          <sumpFcmTcnt>16</sumpFcmTcnt>
          <sumpPtinTcnt>351</sumpPtinTcnt>
          <sumpScmTcnt>20</sumpScmTcnt>
          <sumpTcmTcnt>19</sumpTcmTcnt>
        </item>
        <item>
          <jckyId>080606</jckyId>
          <jckyNm>신윤섭</jckyNm>
          <loyFcmTcnt>10</loyFcmTcnt>
          <loyPtinTcnt>109</loyPtinTcnt>
          <loyScmTcnt>5</loyScmTcnt>
          <loyTcmTcnt>12</loyTcmTcnt>
          <lsmFcmTcnt>10</lsmFcmTcnt>
          <lsmPtinTcnt>109</lsmPtinTcnt>
          <lsmScmTcnt>5</lsmScmTcnt>
          <lsmTcmTcnt>12</lsmTcmTcnt>
          <rccrsNm>부산경남</rccrsNm>
          <sumpFcmTcnt>10</sumpFcmTcnt>
          <sumpPtinTcnt>109</sumpPtinTcnt>
          <sumpScmTcnt>5</sumpScmTcnt>
          <sumpTcmTcnt>12</sumpTcmTcnt>
        </item>
        <item>
          <jckyId>080607</jckyId>
          <jckyNm>윤형석</jckyNm>
          <loyFcmTcnt>1</loyFcmTcnt>
          <loyPtinTcnt>58</loyPtinTcnt>
          <loyScmTcnt>5</loyScmTcnt>
          <loyTcmTcnt>1</loyTcmTcnt>
          <lsmFcmTcnt>1</lsmFcmTcnt>
          <lsmPtinTcnt>58</lsmPtinTcnt>
          <lsmScmTcnt>5</lsmScmTcnt>
          <lsmTcmTcnt>1</lsmTcmTcnt>
          <rccrsNm>부산경남</rccrsNm>
          <sumpFcmTcnt>1</sumpFcmTcnt>
          <sumpPtinTcnt>58</sumpPtinTcnt>
          <sumpScmTcnt>5</sumpScmTcnt>
          <sumpTcmTcnt>1</sumpTcmTcnt>
        </item>
        <item>
          <jckyId>080605</jckyId>
          <jckyNm>서강주</jckyNm>
          <loyFcmTcnt>1</loyFcmTcnt>
          <loyPtinTcnt>51</loyPtinTcnt>
          <loyScmTcnt>4</loyScmTcnt>
          <loyTcmTcnt>7</loyTcmTcnt>
          <lsmFcmTcnt>1</lsmFcmTcnt>
          <lsmPtinTcnt>51</lsmPtinTcnt>
          <lsmScmTcnt>4</lsmScmTcnt>
          <lsmTcmTcnt>7</lsmTcmTcnt>
          <rccrsNm>부산경남</rccrsNm>
          <sumpFcmTcnt>1</sumpFcmTcnt>
          <sumpPtinTcnt>51</sumpPtinTcnt>
          <sumpScmTcnt>4</sumpScmTcnt>
          <sumpTcmTcnt>7</sumpTcmTcnt>
        </item>
        <item>
          <jckyId>080604</jckyId>
          <jckyNm>권오찬</jckyNm>
          <loyFcmTcnt>0</loyFcmTcnt>
          <loyPtinTcnt>46</loyPtinTcnt>
          <loyScmTcnt>2</loyScmTcnt>
          <loyTcmTcnt>0</loyTcmTcnt>
          <lsmFcmTcnt>0</lsmFcmTcnt>
          <lsmPtinTcnt>46</lsmPtinTcnt>
          <lsmScmTcnt>2</lsmScmTcnt>
          <lsmTcmTcnt>0</lsmTcmTcnt>
          <rccrsNm>부산경남</rccrsNm>
          <sumpFcmTcnt>0</sumpFcmTcnt>
          <sumpPtinTcnt>46</sumpPtinTcnt>
          <sumpScmTcnt>2</sumpScmTcnt>
          <sumpTcmTcnt>0</sumpTcmTcnt>
        </item>
      </items>
      <numOfRows>100</numOfRows>
      <pageNo>1</pageNo>
      <totalCount>32</totalCount>
    </body>
  </response>