<?xml version="1.0" encoding="UTF-8" standalone="yes"?>
  <response>
    <header>
      <resultCode>00</resultCode>
      <resultMsg>NORMAL SERVICE.</resultMsg>
    </header>
    <body>
      <items>
        <item>
          <age>2</age>
          <ageCond>2세</ageCond>
          <budam>별정A</budam>
          <chaksun1>24750000</chaksun1>
          <chaksun2>9900000</chaksun2>
          <chaksun3>6300000</chaksun3>
          <chaksun4>2250000</chaksun4>
          <chaksun5>1800000</chaksun5>
          <chaksunT>0</chaksunT>
          <chaksunY>0</chaksunY>
          <chaksun_6m>0</chaksun_6m>
          <chulNo>1</chulNo>
          <dusu>12</dusu>
          <hrName>긴샤리보이</hrName>
          <hrNameEn>GINSHARI BOY</hrNameEn>
          <hrNo>0051224</hrNo>
          <ilsu>96</ilsu>
          <jkName>이혁</jkName>
          <jkNameEn>Lee Hyeok</jkNameEn>
          <jkNo>080486</jkNo>
          <meet>서울</meet>
          <ord1CntT>0</ord1CntT>
          <ord1CntY>0</ord1CntY>
          <ord2CntT>0</ord2CntT>
          <ord2CntY>0</ord2CntY>
          <ord3CntT>0</ord3CntT>
          <ord3CntY>0</ord3CntY>
          <owName>공이공팔</owName>
          <owNameEn>Gong  I Gong Pal</owNameEn>
          <owNo>116054</owNo>
          <prd>한국</prd>
          <prizeCond>R0~0</prizeCond>
          <rank>국6등급</rank>
          <rating>-</rating>
          <rcCntT>0</rcCntT>
          <rcCntY>0</rcCntY>
          <rcDate>20241222</rcDate>
          <rcDay>일요일</rcDay>
          <rcDist>1200</rcDist>
          <rcName>일반</rcName>
          <rcNo>1</rcNo>
          <sex>수</sex>
          <sexCond>오픈</sexCond>
          <stTime>출발 :10:35</stTime>
          <trName>안해양</trName>
          <trNameEn>An Hae Yang</trNameEn>
          <trNo>070108</trNo>
          <wgBudam>55</wgBudam>
        </item>
        <item>
          <age>2</age>
          <ageCond>2세</ageCond>
          <budam>별정A</budam>
          <chaksun1>24750000</chaksun1>
          <chaksun2>9900000</chaksun2>
          <chaksun3>6300000</chaksun3>
          <chaksun4>2250000</chaksun4>
          <chaksun5>1800000</chaksun5>
          <chaksunT>0</chaksunT>
          <chaksunY>0</chaksunY>
          <chaksun_6m>0</chaksun_6m>
          <chulNo>10</chulNo>
          <dusu>12</dusu>
          <hrName>글로리조이</hrName>
          <hrNameEn>GLORY JOY</hrNameEn>
          <hrNo>0051605</hrNo>
          <ilsu>96</ilsu>
          <jkName>문세영</jkName>
          <jkNameEn>Moon Se Young</jkNameEn>
          <jkNo>080366</jkNo>
          <meet>서울</meet>
          <ord1CntT>0</ord1CntT>
          <ord1CntY>0</ord1CntY>
          <ord2CntT>0</ord2CntT>
          <ord2CntY>0</ord2CntY>
          <ord3CntT>0</ord3CntT>
          <ord3CntY>0</ord3CntY>
          <owName>박남성</owName>
          <owNameEn>Park Nam Sung</owNameEn>
          <owNo>010496</owNo>
          <prd>한국</prd>
          <prizeCond>R0~0</prizeCond>
          <rank>국6등급</rank>
          <rating>-</rating>
          <rcCntT>0</rcCntT>
          <rcCntY>0</rcCntY>
          <rcDate>20241222</rcDate>
          <rcDay>일요일</rcDay>
          <rcDist>1200</rcDist>
          <rcName>일반</rcName>
          <rcNo>1</rcNo>
          <sex>수</sex>
          <sexCond>오픈</sexCond>
          <stTime>출발 :10:35</stTime>
          <trName>박지헌</trName>
          <trNameEn>Park Jee Heon</trNameEn>
          <trNo>070264</trNo>
          <wgBudam>55</wgBudam>
        </item>
        <item>
          <age>2</age>
          <ageCond>2세</ageCond>
          <budam>별정A</budam>
          <chaksun1>24750000</chaksun1>
          <chaksun2>9900000</chaksun2>
          <chaksun3>6300000</chaksun3>
          <chaksun4>2250000</chaksun4>
          <chaksun5>1800000</chaksun5>
          <chaksunT>0</chaksunT>
          <chaksunY>0</chaksunY>
          <chaksun_6m>0</chaksun_6m>
          <chulNo>11</chulNo>
          <dusu>12</dusu>
          <hrName>다나은킹덤</hrName>
          <hrNameEn>DANAEUN KINGDOM</hrNameEn>
          <hrNo>0051146</hrNo>
          <ilsu>96</ilsu>
          <jkName>송재철</jkName>
          <jkNameEn>Song Jae Chul</jkNameEn>
          <jkNo>080513</jkNo>
          <meet>서울</meet>
          <ord1CntT>0</ord1CntT>
          <ord1CntY>0</ord1CntY>
          <ord2CntT>0</ord2CntT>
          <ord2CntY>0</ord2CntY>
          <ord3CntT>0</ord3CntT>
          <ord3CntY>0</ord3CntY>
          <owName>이진경</owName>
          <owNameEn>Lee Jin Gyeong</owNameEn>
          <owNo>117021</owNo>
          <prd>한국</prd>
          <prizeCond>R0~0</prizeCond>
          <rank>국6등급</rank>
          <rating>-</rating>
          <rcCntT>0</rcCntT>
          <rcCntY>0</rcCntY>
          <rcDate>20241222</rcDate>
          <rcDay>일요일</rcDay>
          <rcDist>1200</rcDist>
          <rcName>일반</rcName>
          <rcNo>1</rcNo>
          <sex>수</sex>
          <sexCond>오픈</sexCond>
          <stTime>출발 :10:35</stTime>
          <trName>송문길</trName>
          <trNameEn>Song Moon Gil</trNameEn>
          <trNo>070179</trNo>
          <wgBudam>55</wgBudam>
        </item>
        <item>
          <age>2</age>
          <ageCond>2세</ageCond>
          <budam>별정A</budam>
          <chaksun1>24750000</chaksun1>
          <chaksun2>9900000</chaksun2>
          <chaksun3>6300000</chaksun3>
          <chaksun4>2250000</chaksun4>
          <chaksun5>1800000</chaksun5>
          <chaksunT>0</chaksunT>
          <chaksunY>0</chaksunY>
          <chaksun_6m>0</chaksun_6m>
          <chulNo>12</chulNo>
          <dusu>12</dusu>
          <hrName>우광명</hrName>
          <hrNameEn>UGWANGMYEONG</hrNameEn>
          <hrNo>0051766</hrNo>
          <ilsu>96</ilsu>
          <jkName>장추열</jkName>
          <jkNameEn>Jang Chu Youl</jkNameEn>
          <jkNo>080476</jkNo>
          <meet>서울</meet>
          <ord1CntT>0</ord1CntT>
          <ord1CntY>0</ord1CntY>
          <ord2CntT>0</ord2CntT>
          <ord2CntY>0</ord2CntY>
          <ord3CntT>0</ord3CntT>
          <ord3CntY>0</ord3CntY>
          <owName>임흥호</owName>
          <owNameEn>Lim Heung Ho</owNameEn>
          <owNo>117016</owNo>
          <prd>한국</prd>
          <prizeCond>R0~0</prizeCond>
          <rank>국6등급</rank>
          <rating>-</rating>
          <rcCntT>0</rcCntT>
          <rcCntY>0</rcCntY>
          <rcDate>20241222</rcDate>
          <rcDay>일요일</rcDay>
          <rcDist>1200</rcDist>
          <rcName>일반</rcName>
          <rcNo>1</rcNo>
          <sex>수</sex>
          <sexCond>오픈</sexCond>
          <stTime>출발 :10:35</stTime>
          <trName>문병기</trName>
          <trNameEn>Moon Byeong Ki</trNameEn>
          <trNo>070225</trNo>
          <wgBudam>55</wgBudam>
        </item>
        <item>
          <age>2</age>
          <ageCond>2세</ageCond>
          <budam>별정A</budam>
          <chaksun1>24750000</chaksun1>
          <chaksun2>9900000</chaksun2>
          <chaksun3>6300000</chaksun3>
          <chaksun4>2250000</chaksun4>
          <chaksun5>1800000</chaksun5>
          <chaksunT>2250000</chaksunT>
          <chaksunY>2250000</chaksunY>
          <chaksun_6m>2250000</chaksun_6m>
          <chulNo>2</chulNo>
          <dusu>12</dusu>
          <hrName>원더풀리즌</hrName>
          <hrNameEn>WONDERFUL REASON</hrNameEn>
          <hrNo>0050747</hrNo>
          <ilsu>96</ilsu>
          <jkName>정정희</jkName>
          <jkNameEn>Jeong Jeong Hee</jkNameEn>
          <jkNo>080530</jkNo>
          <meet>서울</meet>
          <ord1CntT>0</ord1CntT>
          <ord1CntY>0</ord1CntY>
          <ord2CntT>0</ord2CntT>
          <ord2CntY>0</ord2CntY>
          <ord3CntT>0</ord3CntT>
          <ord3CntY>0</ord3CntY>
          <owName>지대섭</owName>
          <owNameEn>Chi Dae Sub</owNameEn>
          <owNo>010498</owNo>
          <prd>한국</prd>
          <prizeCond>R0~0</prizeCond>
          <rank>국6등급</rank>
          <rating>0</rating>
          <rcCntT>2</rcCntT>
          <rcCntY>2</rcCntY>
          <rcDate>20241222</rcDate>
          <rcDay>일요일</rcDay>
          <rcDist>1200</rcDist>
          <rcName>일반</rcName>
          <rcNo>1</rcNo>
          <sex>수</sex>
          <sexCond>오픈</sexCond>
          <stTime>출발 :10:35</stTime>
          <trName>리카디</trName>
          <trNameEn>Luigi Riccardi</trNameEn>
          <trNo>070244</trNo>
          <wgBudam>55</wgBudam>
        </item>
        <item>
          <age>2</age>
          <ageCond>2세</ageCond>
          <budam>별정A</budam>
          <chaksun1>24750000</chaksun1>
          <chaksun2>9900000</chaksun2>
          <chaksun3>6300000</chaksun3>
          <chaksun4>2250000</chaksun4>
          <chaksun5>1800000</chaksun5>
          <chaksunT>0</chaksunT>
          <chaksunY>0</chaksunY>
          <chaksun_6m>0</chaksun_6m>
          <chulNo>3</chulNo>
          <dusu>12</dusu>
          <hrName>미스터카라</hrName>
          <hrNameEn>MR.CARA</hrNameEn>
          <hrNo>0051296</hrNo>
          <ilsu>96</ilsu>
          <jkName>임다빈</jkName>
          <jkNameEn>Lim Da Bin</jkNameEn>
          <jkNo>080602</jkNo>
          <meet>서울</meet>
          <ord1CntT>0</ord1CntT>
          <ord1CntY>0</ord1CntY>
          <ord2CntT>0</ord2CntT>
          <ord2CntY>0</ord2CntY>
          <ord3CntT>0</ord3CntT>
          <ord3CntY>0</ord3CntY>
          <owName>명주환</owName>
          <owNameEn>Myung Ju Hwan</owNameEn>
          <owNo>123020</owNo>
          <prd>한국</prd>
          <prizeCond>R0~0</prizeCond>
          <rank>국6등급</rank>
          <rating>-</rating>
          <rcCntT>0</rcCntT>
          <rcCntY>0</rcCntY>
          <rcDate>20241222</rcDate>
          <rcDay>일요일</rcDay>
          <rcDist>1200</rcDist>
          <rcName>일반</rcName>
          <rcNo>1</rcNo>
          <sex>수</sex>
          <sexCond>오픈</sexCond>
          <stTime>출발 :10:35</stTime>
          <trName>최영주</trName>
          <trNameEn>Choi Yeong Joo</trNameEn>
          <trNo>070098</trNo>
          <wgBudam>55</wgBudam>
        </item>
        <item>
          <age>2</age>
          <ageCond>2세</ageCond>
          <budam>별정A</budam>
          <chaksun1>24750000</chaksun1>
          <chaksun2>9900000</chaksun2>
          <chaksun3>6300000</chaksun3>
          <chaksun4>2250000</chaksun4>
          <chaksun5>1800000</chaksun5>
          <chaksunT>1800000</chaksunT>
          <chaksunY>1800000</chaksunY>
          <chaksun_6m>1800000</chaksun_6m>
          <chulNo>4</chulNo>
          <dusu>12</dusu>
          <hrName>챔프함성</hrName>
          <hrNameEn>CHAMP HAMSEONG</hrNameEn>
          <hrNo>0051818</hrNo>
          <ilsu>96</ilsu>
          <jkName>정우주</jkName>
          <jkNameEn>Jeong Woo Ju</jkNameEn>
          <jkNo>080588</jkNo>
          <meet>서울</meet>
          <ord1CntT>0</ord1CntT>
          <ord1CntY>0</ord1CntY>
          <ord2CntT>0</ord2CntT>
          <ord2CntY>0</ord2CntY>
          <ord3CntT>0</ord3CntT>
          <ord3CntY>0</ord3CntY>
          <owName>황의영</owName>
          <owNameEn>Hwang Eui Young</owNameEn>
          <owNo>010159</owNo>
          <prd>한국</prd>
          <prizeCond>R0~0</prizeCond>
          <rank>국6등급</rank>
          <rating>0</rating>
          <rcCntT>1</rcCntT>
          <rcCntY>1</rcCntY>
          <rcDate>20241222</rcDate>
          <rcDay>일요일</rcDay>
          <rcDist>1200</rcDist>
          <rcName>일반</rcName>
          <rcNo>1</rcNo>
          <sex>수</sex>
          <sexCond>오픈</sexCond>
          <stTime>출발 :10:35</stTime>
          <trName>이관호</trName>
          <trNameEn>Lee Gwan Ho</trNameEn>
          <trNo>070181</trNo>
          <wgBudam>55</wgBudam>
        </item>
        <item>
          <age>2</age>
          <ageCond>2세</ageCond>
          <budam>별정A</budam>
          <chaksun1>24750000</chaksun1>
          <chaksun2>9900000</chaksun2>
          <chaksun3>6300000</chaksun3>
          <chaksun4>2250000</chaksun4>
          <chaksun5>1800000</chaksun5>
          <chaksunT>0</chaksunT>
          <chaksunY>0</chaksunY>
          <chaksun_6m>0</chaksun_6m>
          <chulNo>5</chulNo>
          <dusu>12</dusu>
          <hrName>원더풀어롱</hrName>
          <hrNameEn>WONDERFUL ALONG</hrNameEn>
          <hrNo>0051529</hrNo>
          <ilsu>96</ilsu>
          <jkName>박태종</jkName>
          <jkNameEn>Park Tae Jong</jkNameEn>
          <jkNo>080103</jkNo>
          <meet>서울</meet>
          <ord1CntT>0</ord1CntT>
          <ord1CntY>0</ord1CntY>
          <ord2CntT>0</ord2CntT>
          <ord2CntY>0</ord2CntY>
          <ord3CntT>0</ord3CntT>
          <ord3CntY>0</ord3CntY>
          <owName>(주)녹원목장</owName>
          <owNameEn>Nokwon Farm</owNameEn>
          <owNo>106204</owNo>
          <prd>한국</prd>
          <prizeCond>R0~0</prizeCond>
          <rank>국6등급</rank>
          <rating>-</rating>
          <rcCntT>0</rcCntT>
          <rcCntY>0</rcCntY>
          <rcDate>20241222</rcDate>
          <rcDay>일요일</rcDay>
          <rcDist>1200</rcDist>
          <rcName>일반</rcName>
          <rcNo>1</rcNo>
          <sex>암</sex>
          <sexCond>오픈</sexCond>
          <stTime>출발 :10:35</stTime>
          <trName>서범석</trName>
          <trNameEn>Seo Bum Seok</trNameEn>
          <trNo>070096</trNo>
          <wgBudam>53</wgBudam>
        </item>
        <item>
          <age>2</age>
          <ageCond>2세</ageCond>
          <budam>별정A</budam>
          <chaksun1>24750000</chaksun1>
          <chaksun2>9900000</chaksun2>
          <chaksun3>6300000</chaksun3>
          <chaksun4>2250000</chaksun4>
          <chaksun5>1800000</chaksun5>
          <chaksunT>0</chaksunT>
          <chaksunY>0</chaksunY>
          <chaksun_6m>0</chaksun_6m>
          <chulNo>6</chulNo>
          <dusu>12</dusu>
          <hrName>큐피드월드</hrName>
          <hrNameEn>CUPID WORLD</hrNameEn>
          <hrNo>0050781</hrNo>
          <ilsu>96</ilsu>
          <jkName>조한별</jkName>
          <jkNameEn>Cho Han Byeol</jkNameEn>
          <jkNo>080515</jkNo>
          <meet>서울</meet>
          <ord1CntT>0</ord1CntT>
          <ord1CntY>0</ord1CntY>
          <ord2CntT>0</ord2CntT>
          <ord2CntY>0</ord2CntY>
          <ord3CntT>0</ord3CntT>
          <ord3CntY>0</ord3CntY>
          <owName>서순배</owName>
          <owNameEn>Seo Sun Bae</owNameEn>
          <owNo>104038</owNo>
          <prd>한국</prd>
          <prizeCond>R0~0</prizeCond>
          <rank>국6등급</rank>
          <rating>0</rating>
          <rcCntT>2</rcCntT>
          <rcCntY>2</rcCntY>
          <rcDate>20241222</rcDate>
          <rcDay>일요일</rcDay>
          <rcDist>1200</rcDist>
          <rcName>일반</rcName>
          <rcNo>1</rcNo>
          <sex>암</sex>
          <sexCond>오픈</sexCond>
          <stTime>출발 :10:35</stTime>
          <trName>신삼영</trName>
          <trNameEn>Shin Sam Young</trNameEn>
          <trNo>070161</trNo>
          <wgBudam>53</wgBudam>
        </item>
        <item>
          <age>2</age>
          <ageCond>2세</ageCond>
          <budam>별정A</budam>
          <chaksun1>24750000</chaksun1>
          <chaksun2>9900000</chaksun2>
          <chaksun3>6300000</chaksun3>
          <chaksun4>2250000</chaksun4>
          <chaksun5>1800000</chaksun5>
          <chaksunT>0</chaksunT>
          <chaksunY>0</chaksunY>
          <chaksun_6m>0</chaksun_6m>
          <chulNo>7</chulNo>
          <dusu>12</dusu>
          <hrName>임로</hrName>
          <hrNameEn>IMRO</hrNameEn>
          <hrNo>0051442</hrNo>
          <ilsu>96</ilsu>
          <jkName>조재로</jkName>
          <jkNameEn>Jo Jae Ro</jkNameEn>
          <jkNo>080550</jkNo>
          <meet>서울</meet>
          <ord1CntT>0</ord1CntT>
          <ord1CntY>0</ord1CntY>
          <ord2CntT>0</ord2CntT>
          <ord2CntY>0</ord2CntY>
          <ord3CntT>0</ord3CntT>
          <ord3CntY>0</ord3CntY>
          <owName>임수복</owName>
          <owNameEn>Lim Soo Bock</owNameEn>
          <owNo>010608</owNo>
          <prd>한국</prd>
          <prizeCond>R0~0</prizeCond>
          <rank>국6등급</rank>
          <rating>-</rating>
          <rcCntT>0</rcCntT>
          <rcCntY>0</rcCntY>
          <rcDate>20241222</rcDate>
          <rcDay>일요일</rcDay>
          <rcDist>1200</rcDist>
          <rcName>일반</rcName>
          <rcNo>1</rcNo>
          <sex>수</sex>
          <sexCond>오픈</sexCond>
          <stTime>출발 :10:35</stTime>
          <trName>김동철</trName>
          <trNameEn>Kim Dong Chul</trNameEn>
          <trNo>070177</trNo>
          <wgBudam>55</wgBudam>
        </item>
      </items>
      <numOfRows>10</numOfRows>
      <pageNo>1</pageNo>
      <totalCount>2667</totalCount>
    </body>
  </response>