<?xml version="1.0" encoding="UTF-8" standalone="yes"?>
  <response>
    <header>
      <resultCode>00</resultCode>
      <resultMsg>NORMAL SERVICE.</resultMsg>
    </header>
    <body>
      <items>
        <item>
          <loyFcmTcnt>56</loyFcmTcnt>
          <loyPtinTcnt>249</loyPtinTcnt>
          <loyScmTcnt>32</loyScmTcnt>
          <loyTcmTcnt>34</loyTcmTcnt>
          <lsmFcmTcnt>28</lsmFcmTcnt>
          <lsmPtinTcnt>115</lsmPtinTcnt>
          <lsmScmTcnt>10</lsmScmTcnt>
          <lsmTcmTcnt>17</lsmTcmTcnt>
          <rccrsNm>부산경남</rccrsNm>
          <sumpFcmTcnt>1454</sumpFcmTcnt>
          <sumpPtinTcnt>6563</sumpPtinTcnt>
          <sumpScmTcnt>898</sumpScmTcnt>
          <sumpTcmTcnt>741</sumpTcmTcnt>
          <trarId>070123</trarId>
          <trarNm>김영관</trarNm>
        </item>
        <item>
          <loyFcmTcnt>60</loyFcmTcnt>
          <loyPtinTcnt>429</loyPtinTcnt>
          <loyScmTcnt>65</loyScmTcnt>
          <loyTcmTcnt>36</loyTcmTcnt>
          <lsmFcmTcnt>32</lsmFcmTcnt>
          <lsmPtinTcnt>219</lsmPtinTcnt>
          <lsmScmTcnt>38</lsmScmTcnt>
          <lsmTcmTcnt>21</lsmTcmTcnt>
          <rccrsNm>부산경남</rccrsNm>
          <sumpFcmTcnt>954</sumpFcmTcnt>
          <sumpPtinTcnt>7714</sumpPtinTcnt>
          <sumpScmTcnt>868</sumpScmTcnt>
          <sumpTcmTcnt>854</sumpTcmTcnt>
          <trarId>070130</trarId>
          <trarNm>백광열</trarNm>
        </item>
        <item>
          <loyFcmTcnt>26</loyFcmTcnt>
          <loyPtinTcnt>231</loyPtinTcnt>
          <loyScmTcnt>22</loyScmTcnt>
          <loyTcmTcnt>13</loyTcmTcnt>
          <lsmFcmTcnt>12</lsmFcmTcnt>
          <lsmPtinTcnt>109</lsmPtinTcnt>
          <lsmScmTcnt>11</lsmScmTcnt>
          <lsmTcmTcnt>6</lsmTcmTcnt>
          <rccrsNm>부산경남</rccrsNm>
          <sumpFcmTcnt>671</sumpFcmTcnt>
          <sumpPtinTcnt>4068</sumpPtinTcnt>
          <sumpScmTcnt>509</sumpScmTcnt>
          <sumpTcmTcnt>408</sumpTcmTcnt>
          <trarId>070156</trarId>
          <trarNm>울즐리</trarNm>
        </item>
        <item>
          <loyFcmTcnt>31</loyFcmTcnt>
          <loyPtinTcnt>342</loyPtinTcnt>
          <loyScmTcnt>43</loyScmTcnt>
          <loyTcmTcnt>35</loyTcmTcnt>
          <lsmFcmTcnt>16</lsmFcmTcnt>
          <lsmPtinTcnt>177</lsmPtinTcnt>
          <lsmScmTcnt>20</lsmScmTcnt>
          <lsmTcmTcnt>22</lsmTcmTcnt>
          <rccrsNm>부산경남</rccrsNm>
          <sumpFcmTcnt>581</sumpFcmTcnt>
          <sumpPtinTcnt>5546</sumpPtinTcnt>
          <sumpScmTcnt>595</sumpScmTcnt>
          <sumpTcmTcnt>537</sumpTcmTcnt>
          <trarId>070136</trarId>
          <trarNm>민장기</trarNm>
        </item>
        <item>
          <loyFcmTcnt>27</loyFcmTcnt>
          <loyPtinTcnt>286</loyPtinTcnt>
          <loyScmTcnt>34</loyScmTcnt>
          <loyTcmTcnt>21</loyTcmTcnt>
          <lsmFcmTcnt>12</lsmFcmTcnt>
          <lsmPtinTcnt>140</lsmPtinTcnt>
          <lsmScmTcnt>18</lsmScmTcnt>
          <lsmTcmTcnt>11</lsmTcmTcnt>
          <rccrsNm>부산경남</rccrsNm>
          <sumpFcmTcnt>549</sumpFcmTcnt>
          <sumpPtinTcnt>5172</sumpPtinTcnt>
          <sumpScmTcnt>587</sumpScmTcnt>
          <sumpTcmTcnt>532</sumpTcmTcnt>
          <trarId>070128</trarId>
          <trarNm>임금만</trarNm>
        </item>
        <item>
          <loyFcmTcnt>34</loyFcmTcnt>
          <loyPtinTcnt>481</loyPtinTcnt>
          <loyScmTcnt>33</loyScmTcnt>
          <loyTcmTcnt>44</loyTcmTcnt>
          <lsmFcmTcnt>17</lsmFcmTcnt>
          <lsmPtinTcnt>242</lsmPtinTcnt>
          <lsmScmTcnt>15</lsmScmTcnt>
          <lsmTcmTcnt>20</lsmTcmTcnt>
          <rccrsNm>부산경남</rccrsNm>
          <sumpFcmTcnt>499</sumpFcmTcnt>
          <sumpPtinTcnt>6314</sumpPtinTcnt>
          <sumpScmTcnt>561</sumpScmTcnt>
          <sumpTcmTcnt>598</sumpTcmTcnt>
          <trarId>070134</trarId>
          <trarNm>강형곤</trarNm>
        </item>
        <item>
          <loyFcmTcnt>11</loyFcmTcnt>
          <loyPtinTcnt>166</loyPtinTcnt>
          <loyScmTcnt>8</loyScmTcnt>
          <loyTcmTcnt>16</loyTcmTcnt>
          <lsmFcmTcnt>5</lsmFcmTcnt>
          <lsmPtinTcnt>104</lsmPtinTcnt>
          <lsmScmTcnt>4</lsmScmTcnt>
          <lsmTcmTcnt>10</lsmTcmTcnt>
          <rccrsNm>부산경남</rccrsNm>
          <sumpFcmTcnt>406</sumpFcmTcnt>
          <sumpPtinTcnt>4684</sumpPtinTcnt>
          <sumpScmTcnt>410</sumpScmTcnt>
          <sumpTcmTcnt>408</sumpTcmTcnt>
          <trarId>070129</trarId>
          <trarNm>최기홍</trarNm>
        </item>
        <item>
          <loyFcmTcnt>38</loyFcmTcnt>
          <loyPtinTcnt>386</loyPtinTcnt>
          <loyScmTcnt>33</loyScmTcnt>
          <loyTcmTcnt>39</loyTcmTcnt>
          <lsmFcmTcnt>24</lsmFcmTcnt>
          <lsmPtinTcnt>197</lsmPtinTcnt>
          <lsmScmTcnt>20</lsmScmTcnt>
          <lsmTcmTcnt>19</lsmTcmTcnt>
          <rccrsNm>부산경남</rccrsNm>
          <sumpFcmTcnt>393</sumpFcmTcnt>
          <sumpPtinTcnt>5524</sumpPtinTcnt>
          <sumpScmTcnt>428</sumpScmTcnt>
          <sumpTcmTcnt>485</sumpTcmTcnt>
          <trarId>070125</trarId>
          <trarNm>양귀선</trarNm>
        </item>
        <item>
          <loyFcmTcnt>51</loyFcmTcnt>
          <loyPtinTcnt>469</loyPtinTcnt>
          <loyScmTcnt>51</loyScmTcnt>
          <loyTcmTcnt>45</loyTcmTcnt>
          <lsmFcmTcnt>23</lsmFcmTcnt>
          <lsmPtinTcnt>215</lsmPtinTcnt>
          <lsmScmTcnt>14</lsmScmTcnt>
          <lsmTcmTcnt>26</lsmTcmTcnt>
          <rccrsNm>부산경남</rccrsNm>
          <sumpFcmTcnt>387</sumpFcmTcnt>
          <sumpPtinTcnt>3704</sumpPtinTcnt>
          <sumpScmTcnt>392</sumpScmTcnt>
          <sumpTcmTcnt>357</sumpTcmTcnt>
          <trarId>070086</trarId>
          <trarNm>권승주</trarNm>
        </item>
        <item>
          <loyFcmTcnt>25</loyFcmTcnt>
          <loyPtinTcnt>293</loyPtinTcnt>
          <loyScmTcnt>19</loyScmTcnt>
          <loyTcmTcnt>27</loyTcmTcnt>
          <lsmFcmTcnt>10</lsmFcmTcnt>
          <lsmPtinTcnt>164</lsmPtinTcnt>
          <lsmScmTcnt>10</lsmScmTcnt>
          <lsmTcmTcnt>13</lsmTcmTcnt>
          <rccrsNm>부산경남</rccrsNm>
          <sumpFcmTcnt>352</sumpFcmTcnt>
          <sumpPtinTcnt>5252</sumpPtinTcnt>
          <sumpScmTcnt>387</sumpScmTcnt>
          <sumpTcmTcnt>467</sumpTcmTcnt>
          <trarId>070127</trarId>
          <trarNm>장세한</trarNm>
        </item>
        <item>
          <loyFcmTcnt>16</loyFcmTcnt>
          <loyPtinTcnt>171</loyPtinTcnt>
          <loyScmTcnt>17</loyScmTcnt>
          <loyTcmTcnt>26</loyTcmTcnt>
          <lsmFcmTcnt>11</lsmFcmTcnt>
          <lsmPtinTcnt>97</lsmPtinTcnt>
          <lsmScmTcnt>13</lsmScmTcnt>
          <lsmTcmTcnt>15</lsmTcmTcnt>
          <rccrsNm>부산경남</rccrsNm>
          <sumpFcmTcnt>337</sumpFcmTcnt>
          <sumpPtinTcnt>3689</sumpPtinTcnt>
          <sumpScmTcnt>329</sumpScmTcnt>
          <sumpTcmTcnt>348</sumpTcmTcnt>
          <trarId>070141</trarId>
          <trarNm>이상영</trarNm>
        </item>
        <item>
          <loyFcmTcnt>22</loyFcmTcnt>
          <loyPtinTcnt>275</loyPtinTcnt>
          <loyScmTcnt>26</loyScmTcnt>
          <loyTcmTcnt>34</loyTcmTcnt>
          <lsmFcmTcnt>12</lsmFcmTcnt>
          <lsmPtinTcnt>145</lsmPtinTcnt>
          <lsmScmTcnt>15</lsmScmTcnt>
          <lsmTcmTcnt>22</lsmTcmTcnt>
          <rccrsNm>부산경남</rccrsNm>
          <sumpFcmTcnt>327</sumpFcmTcnt>
          <sumpPtinTcnt>2523</sumpPtinTcnt>
          <sumpScmTcnt>259</sumpScmTcnt>
          <sumpTcmTcnt>273</sumpTcmTcnt>
          <trarId>070186</trarId>
          <trarNm>라이스</trarNm>
        </item>
        <item>
          <loyFcmTcnt>23</loyFcmTcnt>
          <loyPtinTcnt>273</loyPtinTcnt>
          <loyScmTcnt>19</loyScmTcnt>
          <loyTcmTcnt>23</loyTcmTcnt>
          <lsmFcmTcnt>10</lsmFcmTcnt>
          <lsmPtinTcnt>138</lsmPtinTcnt>
          <lsmScmTcnt>7</lsmScmTcnt>
          <lsmTcmTcnt>11</lsmTcmTcnt>
          <rccrsNm>부산경남</rccrsNm>
          <sumpFcmTcnt>326</sumpFcmTcnt>
          <sumpPtinTcnt>4966</sumpPtinTcnt>
          <sumpScmTcnt>397</sumpScmTcnt>
          <sumpTcmTcnt>406</sumpTcmTcnt>
          <trarId>070133</trarId>
          <trarNm>윤영훈</trarNm>
        </item>
        <item>
          <loyFcmTcnt>31</loyFcmTcnt>
          <loyPtinTcnt>310</loyPtinTcnt>
          <loyScmTcnt>31</loyScmTcnt>
          <loyTcmTcnt>27</loyTcmTcnt>
          <lsmFcmTcnt>18</lsmFcmTcnt>
          <lsmPtinTcnt>140</lsmPtinTcnt>
          <lsmScmTcnt>14</lsmScmTcnt>
          <lsmTcmTcnt>8</lsmTcmTcnt>
          <rccrsNm>부산경남</rccrsNm>
          <sumpFcmTcnt>311</sumpFcmTcnt>
          <sumpPtinTcnt>2479</sumpPtinTcnt>
          <sumpScmTcnt>304</sumpScmTcnt>
          <sumpTcmTcnt>254</sumpTcmTcnt>
          <trarId>070194</trarId>
          <trarNm>토마스</trarNm>
        </item>
        <item>
          <loyFcmTcnt>19</loyFcmTcnt>
          <loyPtinTcnt>170</loyPtinTcnt>
          <loyScmTcnt>15</loyScmTcnt>
          <loyTcmTcnt>15</loyTcmTcnt>
          <lsmFcmTcnt>9</lsmFcmTcnt>
          <lsmPtinTcnt>83</lsmPtinTcnt>
          <lsmScmTcnt>10</lsmScmTcnt>
          <lsmTcmTcnt>6</lsmTcmTcnt>
          <rccrsNm>부산경남</rccrsNm>
          <sumpFcmTcnt>311</sumpFcmTcnt>
          <sumpPtinTcnt>3313</sumpPtinTcnt>
          <sumpScmTcnt>298</sumpScmTcnt>
          <sumpTcmTcnt>334</sumpTcmTcnt>
          <trarId>070142</trarId>
          <trarNm>방동석</trarNm>
        </item>
        <item>
          <loyFcmTcnt>28</loyFcmTcnt>
          <loyPtinTcnt>226</loyPtinTcnt>
          <loyScmTcnt>27</loyScmTcnt>
          <loyTcmTcnt>18</loyTcmTcnt>
          <lsmFcmTcnt>13</lsmFcmTcnt>
          <lsmPtinTcnt>101</lsmPtinTcnt>
          <lsmScmTcnt>14</lsmScmTcnt>
          <lsmTcmTcnt>7</lsmTcmTcnt>
          <rccrsNm>부산경남</rccrsNm>
          <sumpFcmTcnt>291</sumpFcmTcnt>
          <sumpPtinTcnt>2327</sumpPtinTcnt>
          <sumpScmTcnt>291</sumpScmTcnt>
          <sumpTcmTcnt>258</sumpTcmTcnt>
          <trarId>070180</trarId>
          <trarNm>안우성</trarNm>
        </item>
        <item>
          <loyFcmTcnt>31</loyFcmTcnt>
          <loyPtinTcnt>287</loyPtinTcnt>
          <loyScmTcnt>31</loyScmTcnt>
          <loyTcmTcnt>29</loyTcmTcnt>
          <lsmFcmTcnt>19</lsmFcmTcnt>
          <lsmPtinTcnt>152</lsmPtinTcnt>
          <lsmScmTcnt>16</lsmScmTcnt>
          <lsmTcmTcnt>15</lsmTcmTcnt>
          <rccrsNm>부산경남</rccrsNm>
          <sumpFcmTcnt>285</sumpFcmTcnt>
          <sumpPtinTcnt>4266</sumpPtinTcnt>
          <sumpScmTcnt>353</sumpScmTcnt>
          <sumpTcmTcnt>361</sumpTcmTcnt>
          <trarId>070126</trarId>
          <trarNm>김길중</trarNm>
        </item>
        <item>
          <loyFcmTcnt>10</loyFcmTcnt>
          <loyPtinTcnt>354</loyPtinTcnt>
          <loyScmTcnt>19</loyScmTcnt>
          <loyTcmTcnt>26</loyTcmTcnt>
          <lsmFcmTcnt>6</lsmFcmTcnt>
          <lsmPtinTcnt>208</lsmPtinTcnt>
          <lsmScmTcnt>13</lsmScmTcnt>
          <lsmTcmTcnt>15</lsmTcmTcnt>
          <rccrsNm>부산경남</rccrsNm>
          <sumpFcmTcnt>238</sumpFcmTcnt>
          <sumpPtinTcnt>5501</sumpPtinTcnt>
          <sumpScmTcnt>330</sumpScmTcnt>
          <sumpTcmTcnt>412</sumpTcmTcnt>
          <trarId>070137</trarId>
          <trarNm>조용배</trarNm>
        </item>
        <item>
          <loyFcmTcnt>12</loyFcmTcnt>
          <loyPtinTcnt>308</loyPtinTcnt>
          <loyScmTcnt>18</loyScmTcnt>
          <loyTcmTcnt>22</loyTcmTcnt>
          <lsmFcmTcnt>8</lsmFcmTcnt>
          <lsmPtinTcnt>151</lsmPtinTcnt>
          <lsmScmTcnt>11</lsmScmTcnt>
          <lsmTcmTcnt>13</lsmTcmTcnt>
          <rccrsNm>부산경남</rccrsNm>
          <sumpFcmTcnt>207</sumpFcmTcnt>
          <sumpPtinTcnt>4823</sumpPtinTcnt>
          <sumpScmTcnt>300</sumpScmTcnt>
          <sumpTcmTcnt>360</sumpTcmTcnt>
          <trarId>070132</trarId>
          <trarNm>이정표</trarNm>
        </item>
        <item>
          <loyFcmTcnt>12</loyFcmTcnt>
          <loyPtinTcnt>236</loyPtinTcnt>
          <loyScmTcnt>19</loyScmTcnt>
          <loyTcmTcnt>18</loyTcmTcnt>
          <lsmFcmTcnt>4</lsmFcmTcnt>
          <lsmPtinTcnt>108</lsmPtinTcnt>
          <lsmScmTcnt>10</lsmScmTcnt>
          <lsmTcmTcnt>7</lsmTcmTcnt>
          <rccrsNm>부산경남</rccrsNm>
          <sumpFcmTcnt>149</sumpFcmTcnt>
          <sumpPtinTcnt>2682</sumpPtinTcnt>
          <sumpScmTcnt>170</sumpScmTcnt>
          <sumpTcmTcnt>222</sumpTcmTcnt>
          <trarId>070143</trarId>
          <trarNm>하무선</trarNm>
        </item>
        <item>
          <loyFcmTcnt>23</loyFcmTcnt>
          <loyPtinTcnt>250</loyPtinTcnt>
          <loyScmTcnt>17</loyScmTcnt>
          <loyTcmTcnt>19</loyTcmTcnt>
          <lsmFcmTcnt>12</lsmFcmTcnt>
          <lsmPtinTcnt>144</lsmPtinTcnt>
          <lsmScmTcnt>8</lsmScmTcnt>
          <lsmTcmTcnt>7</lsmTcmTcnt>
          <rccrsNm>부산경남</rccrsNm>
          <sumpFcmTcnt>136</sumpFcmTcnt>
          <sumpPtinTcnt>2218</sumpPtinTcnt>
          <sumpScmTcnt>170</sumpScmTcnt>
          <sumpTcmTcnt>210</sumpTcmTcnt>
          <trarId>070176</trarId>
          <trarNm>구영준</trarNm>
        </item>
        <item>
          <loyFcmTcnt>16</loyFcmTcnt>
          <loyPtinTcnt>221</loyPtinTcnt>
          <loyScmTcnt>26</loyScmTcnt>
          <loyTcmTcnt>19</loyTcmTcnt>
          <lsmFcmTcnt>8</lsmFcmTcnt>
          <lsmPtinTcnt>103</lsmPtinTcnt>
          <lsmScmTcnt>16</lsmScmTcnt>
          <lsmTcmTcnt>10</lsmTcmTcnt>
          <rccrsNm>부산경남</rccrsNm>
          <sumpFcmTcnt>95</sumpFcmTcnt>
          <sumpPtinTcnt>1142</sumpPtinTcnt>
          <sumpScmTcnt>102</sumpScmTcnt>
          <sumpTcmTcnt>116</sumpTcmTcnt>
          <trarId>070223</trarId>
          <trarNm>강은석</trarNm>
        </item>
        <item>
          <loyFcmTcnt>30</loyFcmTcnt>
          <loyPtinTcnt>295</loyPtinTcnt>
          <loyScmTcnt>32</loyScmTcnt>
          <loyTcmTcnt>27</loyTcmTcnt>
          <lsmFcmTcnt>19</lsmFcmTcnt>
          <lsmPtinTcnt>157</lsmPtinTcnt>
          <lsmScmTcnt>19</lsmScmTcnt>
          <lsmTcmTcnt>14</lsmTcmTcnt>
          <rccrsNm>부산경남</rccrsNm>
          <sumpFcmTcnt>58</sumpFcmTcnt>
          <sumpPtinTcnt>617</sumpPtinTcnt>
          <sumpScmTcnt>59</sumpScmTcnt>
          <sumpTcmTcnt>56</sumpTcmTcnt>
          <trarId>070173</trarId>
          <trarNm>구민성</trarNm>
        </item>
        <item>
          <loyFcmTcnt>21</loyFcmTcnt>
          <loyPtinTcnt>211</loyPtinTcnt>
          <loyScmTcnt>23</loyScmTcnt>
          <loyTcmTcnt>18</loyTcmTcnt>
          <lsmFcmTcnt>8</lsmFcmTcnt>
          <lsmPtinTcnt>100</lsmPtinTcnt>
          <lsmScmTcnt>14</lsmScmTcnt>
          <lsmTcmTcnt>5</lsmTcmTcnt>
          <rccrsNm>부산경남</rccrsNm>
          <sumpFcmTcnt>50</sumpFcmTcnt>
          <sumpPtinTcnt>516</sumpPtinTcnt>
          <sumpScmTcnt>71</sumpScmTcnt>
          <sumpTcmTcnt>44</sumpTcmTcnt>
          <trarId>070224</trarId>
          <trarNm>김영민</trarNm>
        </item>
        <item>
          <loyFcmTcnt>6</loyFcmTcnt>
          <loyPtinTcnt>156</loyPtinTcnt>
          <loyScmTcnt>11</loyScmTcnt>
          <loyTcmTcnt>14</loyTcmTcnt>
          <lsmFcmTcnt>1</lsmFcmTcnt>
          <lsmPtinTcnt>88</lsmPtinTcnt>
          <lsmScmTcnt>8</lsmScmTcnt>
          <lsmTcmTcnt>10</lsmTcmTcnt>
          <rccrsNm>부산경남</rccrsNm>
          <sumpFcmTcnt>27</sumpFcmTcnt>
          <sumpPtinTcnt>443</sumpPtinTcnt>
          <sumpScmTcnt>26</sumpScmTcnt>
          <sumpTcmTcnt>31</sumpTcmTcnt>
          <trarId>070246</trarId>
          <trarNm>손병직</trarNm>
        </item>
        <item>
          <loyFcmTcnt>20</loyFcmTcnt>
          <loyPtinTcnt>233</loyPtinTcnt>
          <loyScmTcnt>8</loyScmTcnt>
          <loyTcmTcnt>22</loyTcmTcnt>
          <lsmFcmTcnt>14</lsmFcmTcnt>
          <lsmPtinTcnt>133</lsmPtinTcnt>
          <lsmScmTcnt>4</lsmScmTcnt>
          <lsmTcmTcnt>17</lsmTcmTcnt>
          <rccrsNm>부산경남</rccrsNm>
          <sumpFcmTcnt>27</sumpFcmTcnt>
          <sumpPtinTcnt>369</sumpPtinTcnt>
          <sumpScmTcnt>18</sumpScmTcnt>
          <sumpTcmTcnt>29</sumpTcmTcnt>
          <trarId>070226</trarId>
          <trarNm>박재호</trarNm>
        </item>
        <item>
          <loyFcmTcnt>16</loyFcmTcnt>
          <loyPtinTcnt>160</loyPtinTcnt>
          <loyScmTcnt>14</loyScmTcnt>
          <loyTcmTcnt>14</loyTcmTcnt>
          <lsmFcmTcnt>10</lsmFcmTcnt>
          <lsmPtinTcnt>84</lsmPtinTcnt>
          <lsmScmTcnt>6</lsmScmTcnt>
          <lsmTcmTcnt>7</lsmTcmTcnt>
          <rccrsNm>부산경남</rccrsNm>
          <sumpFcmTcnt>19</sumpFcmTcnt>
          <sumpPtinTcnt>189</sumpPtinTcnt>
          <sumpScmTcnt>15</sumpScmTcnt>
          <sumpTcmTcnt>18</sumpTcmTcnt>
          <trarId>070249</trarId>
          <trarNm>문현철</trarNm>
        </item>
        <item>
          <loyFcmTcnt>11</loyFcmTcnt>
          <loyPtinTcnt>92</loyPtinTcnt>
          <loyScmTcnt>10</loyScmTcnt>
          <loyTcmTcnt>9</loyTcmTcnt>
          <lsmFcmTcnt>11</lsmFcmTcnt>
          <lsmPtinTcnt>92</lsmPtinTcnt>
          <lsmScmTcnt>10</lsmScmTcnt>
          <lsmTcmTcnt>9</lsmTcmTcnt>
          <rccrsNm>부산경남</rccrsNm>
          <sumpFcmTcnt>11</sumpFcmTcnt>
          <sumpPtinTcnt>92</sumpPtinTcnt>
          <sumpScmTcnt>10</sumpScmTcnt>
          <sumpTcmTcnt>9</sumpTcmTcnt>
          <trarId>070251</trarId>
          <trarNm>임성실</trarNm>
        </item>
        <item>
          <loyFcmTcnt>5</loyFcmTcnt>
          <loyPtinTcnt>50</loyPtinTcnt>
          <loyScmTcnt>6</loyScmTcnt>
          <loyTcmTcnt>6</loyTcmTcnt>
          <lsmFcmTcnt>5</lsmFcmTcnt>
          <lsmPtinTcnt>50</lsmPtinTcnt>
          <lsmScmTcnt>6</lsmScmTcnt>
          <lsmTcmTcnt>6</lsmTcmTcnt>
          <rccrsNm>부산경남</rccrsNm>
          <sumpFcmTcnt>5</sumpFcmTcnt>
          <sumpPtinTcnt>50</sumpPtinTcnt>
          <sumpScmTcnt>6</sumpScmTcnt>
          <sumpTcmTcnt>6</sumpTcmTcnt>
          <trarId>070262</trarId>
          <trarNm>김효석</trarNm>
        </item>
      </items>
      <numOfRows>100</numOfRows>
      <pageNo>1</pageNo>
      <totalCount>29</totalCount>
    </body>
  </response>